full_name,abbr_name,erc20_contract
EOS,EOS,0x86fa049857e0209aa7d9e616f7eb3b3b78ecfdb0
Tronix,TRX,0xf230b790e05390fc8295f4d3f60332c93bed42e2
VeChain,VEN,0xd850942ef8811f2a866692a623011bde52a462c1
BNB,BNB,0xb8c77482e45f1f44de1745f52c74426c631bdd52
OmiseGO,OMG,0xd26114cd6ee289accf82350c8d8487fedb8a0c07
ICON,ICX,0xb5a5f22694352c15b00323844ad545abb2b11028
Zilliqa,ZIL,0x05f4a42e251f2d52b8ed15e9fedaacfcef1fad27
Aeternity,AE,0x5ca9a71b1d01849c0a95490cc00559717fcf0d1d
ZRX,ZRX,0xe41d2489571d322189246dafa5ebde1f4699f498
Bytom,BTM,0xcb97e65f07da24d46bcdd078ebebd7c6e6e3d750
Maker,MKR,0x9f8f72aa9304c8b593d555f12ef6589cc3a579a2
Golem,GNT,0xa74476443119a942de498590fe1f2454d7d4ac0d
RHOC,RHOC,0x168296bb09e24a88805cb9c33356536b980d3fc5
REP,REP,0xe94327d07fc17907b4db788e5adf2ed424addff6
Populous,PPT,0xd4fa1460f537bb9085d22c7bccb5dd450ef28e3a
Walton,WTC,0xb7cb1c96db6b22b0d3d9536e0108d062bd488f74
IOSToken,IOST,0xfa1a856cfa3409cfa145fa4e20eb270df3eb21ab
StatusNetwork,SNT,0x744d70fdbe2ba4cf95131626614a1763df805b9e
Nebulas,NAS,0x5d65d971895edc438f465c17db6992698a52318d
AION,AION,0x4ceda7906a5ed2179785cd3a40a69ee8bc99c466
DGD,DGD,0xe0b7927c4af23765cb51314a0e0521a9645f0e2a
Loopring,LRC,0xef68e7c694f40c8202821edf525de3782458639f
HuobiToken,HT,0x6f259637dcd74c767781e37bc6133cd6a68aa161
BAT,BAT,0x0d8775f648430679a709e98d2b0cb6250d2887ef
ELF,ELF,0xbf2179859fc6d5bee9bf9158632dc51678a4100e
CyberMiles,CMT,0xf85feea2fdd81d51177f6b8f35f0e6734ce45f5f
Bancor,BNT,0x1f573d6fb3f13d689ff844b4ce37794d79a7ff1c
Dentacoin,Dentacoin,0x08d32b0da63e2c3bcf8019c9c5d849d7a9d791e6
Loom,LOOM,0xa4e8c3ec456107ea67d3075bf9e3df3a75823db0
KyberNetwork,KNC,0xdd974d5c2e2928dea5f71b9825b8b646686bd200
Cortex Coin,CTXC,0xea11755ae41d889ceec39a63e6ff75a02bc1c00d
Polymath,POLY,0x9992ec3cf6a55b00978cddf2b27bc6882d88d1ec
Ethos,ETHOS,0x5af2be193a6abca9c8817001f45744777db30756
QASH,QASH,0x618e75ac90b12c6049ba3b27f5d5f8651b0037f6
Veritaseum,VERI,0x8f3470a7388c05ee4e7af3d01d8c722b0ff52374
FunFair,FUN,0x419d0d8bdd9af5e606ae2232ed285aff190e711b
Centrality Token,CENNZ,0x1122b6a0e00dce0563082b6e2953f3a943855c1f
Theta Token,THETA,0x3883f5e181fccaf8410fa61e12b59bad963fb645
Fusion,FSN,0xd0352a019e9ab9d757776f532377aaebd36fd541
Enigma,ENG,0xf0ee6b27b759c9893ce4f094b49ad28fd15a23e4
Substratum,SUB,0x12480e24eb5bec1a9d4369cab6a80cad3c0a377a
Nuls,NULS,0xb91318f35bdb262e9423bc7c7c2a3a93dd93c92c
Dragon,DRGN,0x419c4db4b9e25d6db2ad9691ccb832c8d9fda05e
Kin,KIN,0x818fc6c2ec5986bc6e2cbf00939d90556ab12ce5
All Sports Coin,SOC,0x2d0e95bd4795d7ace0da3c0ff7b706a5970eb9d3
BIX Token,BIX,0xb3104b4b9da82025e8b9f8fb28b3553ce2f67069
Storm,STORM,0xd0a4b8946cb52f0661273bfbc6fd0e0c75fc6433
HoloToken,HOT,0x6c6ee5e31d828de241282b9606c8e98ea48526e2
RLC,RLC,0x607f4c5bb672230e8672085532f7e901544a7375
PowerLedger,POWR,0x595832f8fc6bf59c85c527fec3740a1b7a361269
Gifto,GTO,0xc5bbae50781be1669306b9e001eff57a2957b09d
WAX Token,WAX,0x39bb259f66e1c59d5abef88375979b4d20d98022
MATRIX AI Network,MAN,0xe25bcec5d3801ce3a794079bf94adf1b8ccd802d
Salt,SALT,0x4156d3342d5c385a87d264f90653733592000581
HPBCoin,HPB,0x38c6a68304cdefb9bec48bbfaaba5c5b47818bb2
ChainLink Token,LINK,0x514910771af9ca656af840dff83e8264ecf986ca
Decentraland,MANA,0x0f5d2fb29fb7d3cfee444a200298f468908cc942
Monaco,MCO,0xb63b606ac810a52cca15e44bb630fd42d8d1d83d
Storj,STORJ,0xb64ef51c888972c908cfacf59b47c1afbc0ab8ac
TenXPay,PAY,0xb97048628db6b661d4c2aa833e95dbe1a905b280
Civic,CVC,0x41e5560054824ea6b0732e656e3ad64e20e94e45
Nexo,NEXO,0xb62132e35a6c13ee1ee0f84dc5d40bad8d815206
NucleusVision,nCash,0x809826cceab68c387726af962713b64cb5cb3cca
Quantstamp,QSP,0x99ea4db9ee77acd40b119bd1dc4e33e1c070b80d
DENT,DENT,0x3597bfd533a99c9aa083587b074434e61eb0a258
SingularityNET,AGI,0x8eb24319393716668d768dcec29356ae9cffe285
Request,REQ,0x8f8221afbb33998d8584a2b05749ba73c37a938a
ICONOMI,ICN,0x888666ca69e0f178ded6d75b5726cee99a87d698
RUFF,RUFF,0xf278c1ca969095ffddded020290cf8b5c424ace2
Cindicator,CND,0xd4c435f5b09f855c3317c8524cb1f586e42795fa
Revain,R,0x48f775efbe4f5ece6e0df2f7b5932df56823b990
Lympo,LYM,0x57ad67acf9bf015e4820fbd66ea1a21bed8852ec
ArcBlock,ABT,0xb98d4c97425d9908e66e53a6fdf673acca0be986
EnjinCoin,ENJ,0xf629cbd94d3791c9250152bd8dfbdf380e2a3b9c
Bluzelle,BLZ,0x5732046a883704404f284ce41ffadd5b007fd668
I HOUSE TOKEN,IHT,0xeda8b016efa8b1161208cf041cd86972eee0f31e
Aragon,ANT,0x960b236a07cf122663c4303350609a66a7b288c0
Gnosis,GNO,0x6810e776880c02933d47db1b9fc05908e5386b96
Game.com Token,GTC,0xb70835d7822ebb9426b56543e391846c107bd32c
POA ERC20 on Foundation,POA20,0x6758b7d441a9739b98552b373703d8d3d14f9e62
DATAcoin,DATA,0x0cf0ee63788a0849fe5297f3407f701e122cc023
SAN,SAN,0x7c5a0ce9267ed19b22f8cae653f198e3e8daf098
Storiqa,STQ,0x5c3a228510d246b78a3765c20221cbf3082b44a4
SONM,SNM,0x983f6d60db79ea8ca4eb9968c6aff8cfa04b3c63
SIRIN,SRN,0x68d57c9a1c35f63e2c83ee8e49a64e9d70528d25
Metal,MTL,0xf433089366899d83a9f26a773d59ec7ecf30355e
SPHTX,SPHTX,0x3833dda0aeb6947b98ce454d89366cba8cc55528
Medical Token Currency,MTC,0x905e337c6c8645263d3521205aa37bf4d034e745
CyberVeinToken,CVT,0xbe428c3867f05dea2a89fc76a102b544eac7f772
CREDITS,CS,0x46b9ad944d1059450da1163511069c718f699d31
Genaro X,GNX,0x6ec8a24cabdc339a06a172f8223ea557055adaa5
PILLAR,PLR,0xe3818504c1b32bf1557b16c238b2e01fd3149c17
Po.et,POE,0x0e0989b1f9b8a38983c2ba8053269ca62ec9b195
Raiden,RDN,0x255aa6df07540cb5d3d297f0d0d4d84cb52bc8e6
Genesis Vision,GVT,0x103c3a209da59d3e7c4a89307e66521e081cfdf0
IOT Chain,ITC,0x5e6b6d9abad9093fdc861ea1600eba1b355cd940
Crypterium,CRPT,0x80a7e048f37a50500351c204cb407766fa3bae7f
Amber,AMB,0x4dc3643dbc642b72c158e7f3d2ff232df61cb6ce
BLOCKv,VEE,0x340d2bde5eb28c1eed91b2f790723e3b160613b7
Trace,TRAC,0xaa7a9ca87d3694b5755f213b5d04094b8d0f0a6f
Crypto20,C20,0x26e75307fc0c021472feb8f727839531f112f317
Jibrel Network Token,JNT,0xa5fd1a791c4dfcaacc963d4f73c6ae5824149ea7
Eximchain Token,EXC,0x00c4b398500645eb5da00a1a379a88b11683ba01
CUBE,AUTO,0x622dffcc4e83c64ba959530a5a5580687a57581b
Trade,TIO,0x80bc5512561c7f85a3a9508c7df7901b370fa1df
EDUCare,EKT,0xbab165df9455aa0f2aed1f2565520b91ddadb4c8
Republic,REN,0x408e41876cccdc0f92210600ef50372656052a38
Bread,BRD,0x558ec3152e2eb2174905cd19aea4e34a23de9ad6
EthLend,LEND,0x80fb784b7ed66730e8b1dbd9820afd29931aab03
DAEX Token,DAX,0x0b4bdc478791897274652dc15ef5c135cae61e60
Simple Token,ST,0x2c4e8f2d746113d0696ce89b35f0d8bf88e0aeca
AdEx,ADX,0x4470bb87d77b963a013db939be332f927f2b992e
Telcoin,TEL,0x85e076361cc813a908ff672f9bad1541474402b2
TrueUSD,TUSD,0x8dd5fbce2f6a956c3022ba3663759011dd51e73e
PayPie,PPP,0xc42209accc14029c1012fb5680d95fbd6036e2a0
Eidoo,EDO,0xced4e93198734ddaff8492d525bd258d49eb388e
RNTB Token,RNTB,0x1fe70be734e473e5721ea57c8b5b01e6caa52686
Edgeless,EDG,0x08711d3b02c8758f2fb3ab4e80228418a7f8e39c
Dai Stablecoin v1.0,DAI,0x89d24a6b4ccb1b6faa2625fe562bdd9a23260359
Rock,RKT,0x106aa49295b525fcf959aa75ec3f7dcbf5352f1c
Tomocoin,TOMO,0x8b353021189375591723e7384262f45709a3c3dc
BAX,BAX,0x9a0242b7a33dacbe40edb927834f96eb39f8fbcb
RipioCreditNetwork,RCN,0xf970b8e36e23f7fc3fd752eea86f8be8d83375a6
AirSwap,AST,0x27054b13b1b798b345b591a4d22e6562d47ea75a
QRL,QRL,0x697beac28b09e122c4332d163985e8a73121b97f
Zebi Coin,ZCO,0x2008e3057bd734e10ad13c9eae45ff132abc1722
Hydro Protocol,HOT,0x9af839687f6c94542ac5ece2e317daae355493a1
Tokenomy,TEN,0xdd16ec0f66e54d453e6756713e533355989040e4
SPANK,SPANK,0x42d6622dece394b54999fbd73d108123806f6a18
Oyster Pearl,PRL,0x1844b21593262668b7248d0f57a220caaba46ab9
FuzeX,FXT,0x1829aa045e21e0d59580024a951db48096e01782
TokenCard,TKN,0xaaaf91d9b90df800df4f55c205fd6989c977e73a
district0x,DNT,0x0abdace70d3790235af448c88547603b945604ea
SNGLS,SNGLS,0xaec2e87e0a235266d9c5adc9deb4b2e29b54d009
WINGS,WINGS,0x667088b212ce3d06a1b553a7221e1fd19000d9af
LGO,LGO,0x123ab195dd38b1b40510d467a6a359b201af056f
WePower,WPR,0x4cf488387f035ff08c371515562cba712f9015d4
OCoin,OCN,0x4092678e4e78230f46a1534c0fbc8fa39780892b
AppCoins,APPC,0x1a7a8bd9106f2b8d977e08582dc7d24c723ab0db
Internet Node Token,INT,0x0b76544f6c413a555f309bf76260d1e02377c02a
WaBi,WaBi,0x286bda1413a2df81731d4930ce2f862a35a609fe
Havven,HAV,0xf244176246168f24e3187f7288edbca29267739b
UTRUST,UTK,0x70a72833d6bf7f508c8224ce59ea1ef3d0ea3a38
INS,INS,0x5b2e4a700dfbc560061e957edec8f6eeeb74a320
DATx,DATx,0xabbbb6447b68ffd6141da77c18c7b5876ed6c5ab
ODEM Token,ODEM,0xbf52f2ab39e26e0951d2a02b49b7702abe30406a
DataWallet,DXT,0x8db54ca569d3019a2ba126d03c37c44b5ef81ef6
NANJCOIN,NANJ,0xffe02ee4c69edf1b340fcad64fbd6b37a7b9e265
KickCoin,KICK,0x27695e09149adc738a978e9a678f99e4c39e9eb9
Tierion Network Token,TNT,0x08f5a9235b08173b7569f83645d2c7fb55e8ccd8
NAGA Coin,NGC,0x72dd4b6bd852a3aa172be4d6c5a6dbec588cf131
Primas,PST,0xe3fedaecd47aa8eab6b23227b0ee56f092c967a9
Vibe Coin,VIBE,0xe8ff5c9c75deb346acac493c463c8950be03dfba
Decent.Bet,DBET,0x9b68bfae21df5a510931a262cecf63f41338f264
CPChain,CPC,0xfae4ee59cdd86e3be9e8b90b53aa866327d7c090
Modum Token,MOD,0x957c30ab0426e0c93cd8241e2c60392d08c6ac8e
MobileGo,MGO,0x40395044ac3c0c57051906da938b54bd6557f212
Swarm Fund,SWM,0x9e88613418cf03dca54d6a2cf6ad934a78c7a17a
Presearch,PRE,0x88a3e4f35d64aad41a6d4030ac9afe4356cb84fa
Soarcoin,Soar,0xd65960facb8e4a2dfcb2c2212cb2e44a02e2a57e
BANCA,BANCA,0x998b3b82bc9dba173990be7afb772788b5acb8bd
UTN-P: Universa Token,UTNP,0x9e3319636e2126e3c0bc9e3134aec5e1508a46c7
TAAS,TAAS,0xe7775a6e9bcf904eb39da2b68c5efb4f9360e08c
Lunyr,LUN,0xfa05a73ffe78ef8f1a739473e462c54bae6567d9
BCAP,BCAP,0xff3519eeeea3e76f1f699ccce5e23ee0bdda41ac
UNetworkToken,UUU,0x3543638ed4a9006e4840b105944271bcea15605d
CoinDash,CDT,0x177d39ac676ed1c67a2b268ad7f1e58826e5b0af
Cashaa,CAS,0xe8780b48bdb05f928697a5e8155f672ed91462f7
YOYOW,YOYOW,0xcbeaec699431857fdb4d37addbbdc20e132d4903
QunQunCommunities,QUN,0x264dc2dedcdcbb897561a57cba5085ca416fb7b4
Fuel Token,FUEL,0xea38eaa3c86c8f9b751533ba2e562deb9acded40
ElectrifyAsia,ELEC,0xd49ff13661451313ca1553fd6954bd1d9b6e02b9
SENTinel,SENT,0xa44e5137293e855b1b7bc7e2c6f8cd796ffcb037
Dock,DOCK,0xe5dada80aa6477e85d09747f2842f7993d0df71c
iXledger,IXT,0xfca47962d45adfdfd1ab2d972315db4ce7ccf094
Melon,MLN,0xbeb9ef514a379b997e0798fdcc901ee474b6d9a1
COSS,COSS,0x9e96604445ec19ffed9a5e8dd7b50a29c899a10c
BLOCKMASON CREDIT PROTOCOL TOKEN,BCPT,0x1c4481750daa5ff521a2a7490d9981ed46465dbd
VIB,VIB,0x2c974b2d0ba1716e644c1fc59982a89ddd2ff724
XinFin XDCE,XDCE,0x41ab1b6fcbb2fa9dced81acbdec13ea6315f2bf2
Maecenas ART Token,ART,0xfec0cf7fe078a500abf15f1284958f22049c2c7e
Refereum,RFR,0xd0929d411954c47438dc1d871dd6081f5c5e149c
Datum,DAT,0x81c9151de0c8bafcd325a57e3db5a5df1cebf79c
Spectre.ai D-Token,SXDT,0x12b306fa98f4cbb8d4457fdff3a0a0a56f07ccdf
Hive Project Token,HVN,0xc0eb85285d83217cd7c891702bcbc0fc401e2d9d
Propy,PRO,0x226bb599a12c826476e3a771454697ea52e9e220
UnikoinGold,UKG,0x24692791bc444c5cd0b81e3cbcaba4b04acd1f3b
FirstBlood,ST,0xaf30d2a7e90d7dc361c8c4585e9bb7d2f6f15bc7
NeuroToken,NTK,0x69beab403438253f13b6e92db91f7fb849258263
Aurora DAO,AURA,0xcdcfc0f66c522fd086a1b725ea3c0eeb9f9e8814
BANKEX,BKX,0x45245bc59219eeaaf6cd3f382e078a461ff9de7b
MedToken,MTN,0x41dbecc1cdc5517c6f76f6a6e836adbee2754de3
Cobinhood,COB,0xb2f7eb1f2c37645be61d73953035360e768d81e6
Credo Token,CREDO,0x4e0603e2a27a30480e5e3a4fe548e29ef12f64be
Mothership,MSP,0x68aa3f232da9bdc2343465545794ef3eea5209bd
Humaniq,HMQ,0xcbcc0f036ed4788f63fc0fee32873d6a7487b908
FOTA,FOTA,0x4270bb238f6dd8b1c3ca01f96ca65b2647c06d3c
Decision Token,HST,0x554c20b7c486beee439277b4540a434566dc4c02
ZeusShieldCoin,ZSC,0x7a41e0517a5eca4fdbc7fbeba4d4c47b9ff6dc63
Cofoundit,CFI,0x12fef5e57bf45873cd9b62e9dbd7bfb99e32d73e
Bloom,BLT,0x107c4504cd79c5d2696ea0030a8dd4e92601b82e
Proxeus,XES,0xa017ac5fac5941f95010b12570b812c974469c2c
Stox,STX,0x006bea43baa3f7a6f765f14f10a1a1b08334ef45
STK,STK,0xae73b38d1c9a8b274127ec30160a4927c4d71824
Polybius,PLBT,0x0affa06e7fbe5bc9a764c979aa66e8256a631f02
AdToken,ADT,0xd0d6d6c5fe4a677d343cc433536bb717bae167dd
SunContract,SNC,0xf4134146af2d511dd5ea8cdb1c4ac88c57d60404
Everex,EVX,0xf3db5fa2c66b7af3eb0c0b782510816cbe4813b8
Lamden Tau,TAU,0xc27a2f05fa577a83ba0fdb4c38443c0718356501
GRID,GRID,0x12b19d3e2ccc14da04fae33e63652ce469b3f2fd
Guppy,Guppy,0xf7b098298f7c69fc14610bf71d5e02c60792894c
TIME,TIME,0x6531f133e6deebe7f2dce5a0441aa7ef330b4e53
LALA,LALA,0xfd107b473ab90e8fbd89872144a3dc92c40fa8c9
DMarket,DMT,0x2ccbff3a042c68716ed2a2cb0c544a9f1d1935e1
Sentinel Chain,SENC,0xa13f0743951b4f6e3e3aa039f682e17279f52bc3
Aeron,ARN,0xba5f11b16b155792cf3b2e6880e8706859a8aeb6
Monetha,MTH,0xaf4dce16da2877f8c9e00544c93b62ac40631f16
Envion,EVN,0xd780ae2bf04cd96e577d3d014762f831d97129d0
Pro,PRO,0x9041fe5b3fdea0f5e4afdc17e75180738d877a01
Cappasity,CAPP,0x04f2e7221fdb1b52a68169b25793e51478ff0329
Moeda Loyalty Points,MDA,0x51db5ad35c671a87207d88fc11d593ac0c8415bd
Blackmoon Crypto Token,BMC,0xdf6ef343350780bf8c3410bf062e0c015b1dd671
BBN,BBN,0x35a69642857083ba2f30bfab735dacc7f0bac969
MORPH,MORPH,0x2ef27bf41236bd859a95209e17a43fbd26851f92
UpToken,UP,0x6ba460ab75cd2c56343b3517ffeba60748654d26
DADI,DADI,0xfb2f26f266fb2805a387230f2aa0a331b4d96fba
Delta,DLT,0x07e3c70653548b04f0a75970c1f81b4cbbfb606f
Blocktix,TIX,0xea1f346faf023f974eb5adaf088bbcdf02d761f4
SelfKey,KEY,0x4cc19356f2d37338b9802aa8e8fc58b0373296e7
OpenANX,OAX,0x701c244b988a513c945973defa05de933b23fe1d
Hms Token,HMC,0xaa0bb10cec1fa372eb3abc17c933fc6ba863dd9e
Measurable Data Token,MDT,0x814e0908b12a99fecf5bc101bb5d0b8b5cdf7d26
RED MWAT,MWAT,0x6425c6be902d692ae2db752b3c268afadb099d3b
cVToken,cV,0xda6cb58a0d0c01610a29c5a65c303e13e885887c
Covesting,COV,0xe2fb6529ef566a080e6d23de0bd351311087d567
OneRoot Network,RNT,0xff603f43946a3a28df5e6a73172555d8c8b02386
ICO,Â¢,0xa33e729bf4fdeb868b534e1f20523463d9c46bee
DAOstack,GEN,0x543ff227f64aa17ea132bf9886cab5db55dcaddf
Quantum,QAU,0x671abbe5ce652491985342e85428eb1b07bc6c64
Blockport,BPT,0x327682779bab2bf4d1337e8974ab9de8275a7ca8
Numeraire,NMR,0x1776e1f26f98b1a5df9cd347953a26dd3cb46671
SwissBorg,CHSB,0xba9d4199fab4f26efe3551d490e3821486f135ba
Poker Chips,CHP,0xf3db7560e820834658b590c96234c333cd3d5e5e
AirToken,AIR,0x27dce1ec4d3f72c3e457cc50354f1f975ddef488
EXRP Network,EXRN,0xe469c4473af82217b30cf17b10bcdb6c8c796e75
indaHash Coin,IDH,0x5136c98a80811c3f46bdda8b5c4555cfd9f812f0
EchoLink,EKO,0xa6a840e50bcaa50da017b91a0d86b8b2d41156ee
Fidelium Token,FID,0x52fb36c83ad33c1824912fc81071ca5eeb8ab390
LAtoken,LA,0xe50365f5d679cb98a1dd62d6f6e58e59321bcddf
Sakura Bloom,SKB,0x4af328c52921706dcb739f25786210499169afe6
Rialto,XRL,0xb24754be79281553dc1adc160ddf5cd9b74361a4
REMME,REM,0x83984d6142934bb535793a82adb0a46ef0f66b6d
Uquid Coin,UQC,0xd01db73e047855efb414e6202098c4be4cd2423b
HeroNodeToken,HER,0x491c9a23db85623eed455a8efdd6aba9b911c5df
MOT,MOT,0x263c618480dbe35c300d8d5ecda19bbb986acaed
Better Betting,BETR,0x763186eb8d4856d536ed4478302971214febc6a9
UniBright,UBT,0x8400d94a5cb0fa0d041a3788e395285d61c9ee5e
ATMChain,ATM,0x9b11efcaaa1890f6ee52c6bb7cf8153ac5d74139
Neumark,NEU,0xa823e6722006afe99e91c30ff5295052fe6b8e32
PolicyPal Network,PAL,0xfedae5642668f8636a11987ff386bfd215f942ee
TE-FOOD,TFD,0xe5f166c0d8872b68790061317bb6cca04582c912
Hydro,HYDRO,0xebbdf302c940c6bfd49c6b165f457fdb324649bc
PRG,PRG,0x7728dfef5abd468669eb7f9b48a7f70a501ed29d
ZAP TOKEN,ZAP,0x6781a0f84c7e9e846dcb84a9a5bd49333067b104
Friendz Coin,FDZ,0x23352036e911a22cfc692b5e2e196692658aded9
Hacken,HKN,0x9e6b2b11542f2bc52f3029077ace37e8fd838d7f
Sharder,SS,0xbbff862d906e348e9946bfb2132ecb157da3d4b4
aXpire,AXP,0x9af2c6b1a28d3d6bc084bd267f70e90d49741d5b
Mark,MRK,0xf453b5b9d4e0b5c62ffb256bb2378cc2bc8e8a89
BitClave,CAT,0x1234567461d3f8db7496581774bd869c83d51c93
DICE,ROL,0x2e071d2966aa7d8decb1005885ba1977d6038a65
RvT,RVT,0x3d1ba9be9f66b8ee101911bc36d3fb562eac2244
Hedge,HDG,0xffe8196bc259e8dedc544d935786aa4709ec3e64
LockTrip,LOC,0x5e3346444010135322268a4630d2ed5f8d09446c
Nectar,NCT,0x9e46a38f5daabe8683e10793b06749eef7d733d1
Rebellious,REBL,0x5f53f7a8075614b699baad0bc2c899f4bad8fbbf
Pareto Network Token,PARETO,0xea5f88e54d982cbb0c441cde4e79bc305e5b43bc
ShipChain SHIP,SHIP,0xe25b0bba01dc5630312b6a21927e578061a13f55
DomRaiderToken,DRT,0x9af4f26941677c706cfecf6d3379ff01bb85d5ab
FluzFluz,FLUZ,0x954b5de09a55e59755acbda29e1eb74a45d30175
Matryx,MTX,0x0af44e2784637218dd1d32a322d44e603a8f0c6a
BitDegree,BDG,0x1961b3331969ed52770751fc718ef530838b6dee
Nexium,NxC,0x45e42d659d9f9466cd5df622506033145a9b89bc
Morpheus Infrastructure Token,MITx,0x4a527d8fc13c5203ab24ba0944f4cb14658d1db6
Berry,BERRY,0x6aeb95f06cda84ca345c2de0f3b7f96923a44f4c
Hubiits,HBT,0xdd6c68bb32462e01705011a4e2ad1a60740f217f
NimiqNetwork,NET,0xcfb98637bcae43c13323eaa1731ced2b716962fd
Flixx,FLIXX,0xf04a8ac553fcedb5ba99a64799155826c136b0be
SwarmCity,SWT,0xb9e7f8568e08d5659f5d29c4997173d84cdf2607
Guaranteed Entrance Token,GET,0x8a854288a5976036a725879164ca3e91d30c6a1b
NaviToken,NAVI,0x588047365df5ba589f923604aac23d673555c623
NapoleonX,NPX,0x28b5e12cce51f15594b0b91d5b5adaa70f684a02
Patientory,PTOY,0x8ae4bf2c33a8e667de34b54938b0ccd03eb8cc06
XPlay,XPA,0x90528aeb3a2b736b780fd1b6c478bb7e1d643170
Playkey,PKT,0x2604fa406be957e542beb89e6754fcde6815e83f
Feed,IFT,0x7654915a1b82d6d2d0afc37c52af556ea8983c7e
Faceter,FACE,0x1ccaa0f2a7210d76e1fdec740d5f323e2e1b1672
Bee,BEE,0x4d8fc1453a0f359e99c9675954e656d80d996fbf
NPER,NPER,0x4ce6b362bc77a24966dda9078f9cef81b3b886a7
EZToken,EZT,0x5e6016ae7d7c49d347dcf834860b9f3ee282812b
Xaurum,Xaurum,0x4df812f6064def1e5e029f1ca858777cc98d2d81
Signals,SIG,0x6888a16ea9792c15a4dcf2f6c623d055c8ede792
CoinFi,COFI,0x3136ef851592acf49ca4c825131e364170fa32b3
InsurePal,IPL,0x64cdf819d3e75ac8ec217b3496d7ce167be42e80
Snovio,SNOV,0xbdc5bac39dbe132b1e030e898ae3830017d7d969
CargoX,CXO,0xb6ee9668771a79be7967ee29a63d4184f8097143
DNA,DNA,0x82b0e50478eeafde392d45d1259ed1071b6fda81
Bezop,Bez,0x3839d8ba312751aa0248fed6a8bacb84308e20ed
ConnectJob,CJT,0x3abdff32f76b42e7635bdb7e425f0231a5f3ab17
Trustcoin,TRST,0xcb94be6f13a1182e4a4b6140cb7bf2025d28e41b
Ink Protocol,XNK,0xbc86727e770de68b1060c91f6bb6945c73e10388
AidCoin,AID,0x37e8789bb9996cac9156cd5f5fd32599e6b91289
AdBank,ADB,0x2baac9330cf9ac479d819195794d79ad0c7616e3
DEBITUM,DEB,0x151202c9c18e495656f372281f493eb7698961d5
IDEX Membership,IDXM,0xcc13fc627effd6e35d2d2706ea3c4d7396c610ea
Bounty0x,BNTY,0xd2d6158683aee4cc838067727209a0aaf4359de3
CommerceBlock,CBT,0x076c97e1c869072ee22f8c91978c99b4bcb02591
ChangeBank,CAG,0x7d4b8cce0591c9044a22ee543533b72e976e36c3
Mysterium,MYST,0xa645264c5603e96c3b0b078cdab68733794b0a71
Devery.io,EVE,0x923108a439c4e8c2315c4f6521e5ce95b44e9b4c
Worldcore,WRC,0x72adadb447784dd7ab1f472467750fc485e4cb2d
Pluton,PLU,0xd8912c10681d8b21fd3742244f44658dba12264e
Block Array,ARY,0xa5f8fc0921880cb7342368bd128eb8050442b1a1
Lendingblock,LND,0x0947b0e6d821378805c9598291385ce7c791a6b2
Arcade,ARC,0xac709fcb44a43c35f0da4e3163b117a17f3770f5
DOVU,DOV,0xac3211a5025414af2866ff09c23fc18bc97e79b1
UCASH,UCASH,0x92e52a1a235d9a103d970901066ce910aacefd37
CanYaCoin,CAN,0x1d462414fe14cf489c7a21cac78509f4bf8cd7c0
Helbiz,HBZ,0xe34e1944e776f39b9252790a0527ebda647ae668
DigitexFutures,DGTX,0x1c83501478f1320977047008496dacbd60bb15ef
Zippie,ZIPT,0xedd7c94fd7b4971b916d15067bc454b9e1bad980
Colu Local Network,CLN,0x4162178b78d6985480a308b2190ee5517460406d
EROSCOIN,ERO,0x74ceda77281b339142a36817fa5f9e29412bab85
IPSX,IPSX,0x001f0aa5da15585e5b2305dbab2bac425ea71007
Adshares,ADST,0x422866a8f0b032c5cf1dfbdef31a20f4509562b0
AVT,AVT,0x0d88ed6e74bbfd96b831231638b66c05571e824f
Privatix,PRIX,0x3adfc4999f77d04c8341bac5f3a76f58dff5b37a
SPF,SPF,0x85089389c14bd9c77fc2b8f0c3d1dc3363bf06ef
Zilla,ZLA,0xfd8971d5e8e1740ce2d0a84095fca4de729d0c16
Alis,ALIS,0xea610b1153477720748dc13ed378003941d84fab
Gladius,GLA,0x71d01db8d6a2fbea7f8d434599c237980c234e4c
ClearPoll,POLL,0x705ee96c1c160842c92c1aecfcffccc9c412e3d9
Oyster Shell,SHL,0x8542325b72c6d9fc0ad2ca965a78435413a915a0
Ethereum Blue,BLUE,0x539efe69bcdd21a83efd9122571a64cc25e0282b
Linker Coin,LNC,0x6beb418fc6e1958204ac8baddcf109b8e9694966
Tokia,TKA,0xdae1baf249964bc4b6ac98c3122f0e3e785fd279
Vice,VIT,0x23b75bc7aaf28e2d6628c3f424b3882f8f072a3c
Insights Network,INSTAR,0xc72fe8e3dd5bef0f9f31f259399f301272ef2a2d
FundRequest,FND,0x4df47b4969b2911c966506e3592c41389493953b
Leverj,LEV,0x0f4ca92660efad97a9a70cb0fe969c755439772c
Target Coin,TGT,0xac3da587eac229c9896d919abc235ca4fd7f72c1
J8T,J8T,0x0d262e5dc4a06a0f1c90ce79c7a60c09dfc884e4
TrueFlip,TFL,0xa7f976c360ebbed4465c2855684d1aae5271efa9
Aditus,ADI,0x8810c63470d38639954c6b41aac545848c46484a
Dao.Casino,BET,0x8aa33a7899fcc8ea5fbe6a608a109c3893a1b8b2
Auctus,AUC,0xc12d099be31567add4e4e4d0d45691c3f58f5663
Invacio Coin,INV,0xece83617db208ad255ad4f45daf81e25137535bb
BitDice,CSNO,0x29d75277ac7f0335b2165d0895e8725cbf658d73
Pebbles,PBL,0x55648de19836338549130b1af587f16bea46f66b
AstroTokens,ASTRO,0x7b22938ca841aa392c93dbb7f4c42178e3d65e88
Dether,DTH,0x5adc961d6ac3f7062d2ea45fefb8d8167d44b190
PayFair,PFR,0x2fa32a39fc1c399e0cc7b2935868f5165de7ce97
B2BX,B2BX,0x5d51fcced3114a8bb5e90cdd0f9d682bcbcc5393
Opus,OPT,0x4355fc160f74328f9b383df2ec589bb3dfd82ba0
Real Estate Asset Ledger,REAL,0x9214ec02cb71cba0ada6896b8da260736a67ab10
FintruX Network,FTX,0xd559f20296ff4895da39b5bd9add54b442596a61
VIU,VIU,0x519475b31653e46d20cd09f9fdcf3b12bdacb4f5
VOISE,VOISE,0x83eea00d838f92dec4d1475697b9f4d3537b56e3
REX - Real Estate tokens,REX,0xf05a9382a4c3f29e2784502754293d88b835109c
LatiumX,LATX,0x2f85e502a988af76f7ee6d83b7db8d6c0a823bf9
AMLT,AMLT,0xca0e7269600d353f70b14ad118a49575455c0f2f
Sharpe Platform Token,SHP,0xef2463099360a085f1f10b076ed72ef625497a06
Autonio,NIO,0x5554e04e76533e1d14c52f05beef6c9d329e1e30
ATLANT,ATL,0x78b7fada55a64dd895d8c8c35779dd8b67fa8a05
Spectre.ai U-Token,SXUT,0x2c82c73d5b34aa015989462b2948cd616a37641f
Open Trading Network,OTN,0x881ef48211982d01e2cb7092c915e647cd40d85c
CPAY,CPAY,0x0ebb614204e47c09b6c3feb9aaecad8ee060e23e
GAT,GAT,0x687174f8c49ceb7729d925c3a961507ea4ac7b28
Herocoin,PLAY,0xe477292f1b3268687a29376116b0ed27a9c76170
HelloGold,HGT,0xba2184520a1cc49a6159c57e61e1844e085615b6
Internxt,INXT,0xa8006c4ca56f24d6836727d106349320db7fef82
IUNGO,ING,0x24ddff6d8b8a42d835af3b440de91f3386554aa4
TieToken,TIE,0x999967e2ec8a74b7c8e9db19e039d920b31d39d0
ClearCoin,CLR,0xac838aee2f650a6b970ecea56d4651653c1f84a1
DigiPulse,DGPT,0xf6cfe53d6febaeea051f400ff5fc14f0cbbdaca1
Upfiring,UFR,0xea097a2b1db00627b2fa17460ad260c016016977
Education,LEDU,0x5b26c5d0772e5bbac8b3182ae9a13f9bb2d03765
BlockCAT,CAT,0x56ba2ee7890461f463f7be02aac3099f6d5811a8
SOCIALL,SCL,0xd7631787b4dcc87b1254cfd1e5ce48e96823dee8
LOCIcoin,LOCI,0x9c23d67aea7b95d80942e3836bcdf7e708a747c2
Experty,EXY,0x5c743a35e903f6c584514ec617acee0611cf44f3
MyWish,WISH,0x1b22c32cd936cb97c28c5690a0695a82abf688e6
PIX,PIX,0x8effd494eb698cc399af6231fccd39e08fd20b15
vSlice,VSL,0x5c543e7ae0a1104f78406c340e9c64fd9fce5170
RefToken,REF,0x89303500a7abfb178b274fd89f2469c264951e1f
Tokenbox,TBX,0x3a92bd396aef82af98ebc0aa9030d25a23b11c6b
Sense,SENSE,0x6745fab6801e376cd24f03572b9c9b0d4edddccf
1World,1WO,0xfdbc1adc26f0f8f8606a5d63b7d3a3cd21c22b23
Vezt,VZT,0x9720b467a710382a232a32f540bdced7d662a10b
SyncFab Smart Manufacturing Blockchain,MFG,0x6710c63432a2de02954fc0f851db07146a6c0312
Aigang,AIX,0x1063ce524265d5a3a624f4914acd573dd89ce988
GENE TOKEN,PARKGENE),0x6dd4e4aad29a40edd6a409b9c1625186c9855b4d
COPYTRACK,CPY,0xf44745fbd41f6a1ba151df190db0564c5fcc4410
Bonpay,BON,0xcc34366e3842ca1bd36c1f324d15257960fcc801
Horse,HORSE,0x5b0751713b2527d7f002c0c4e2a37e1219610a6b
Gimli,GIM,0xae4f56f072c34c0a65b3ae3e4db797d831439d93
Global Messaging Token,GMT,0xb3bd49e28f8f832b8d1e246106991e546c323502
CreditBIT,CRB,0xaef38fbfbf932d1aef3b808bc8fbd8cd8e1f8bc5
Indorse,IND,0xf8e386eda857484f5a12e4b5daa9984e06e73705
Daneel,DAN,0x9b70740e708a083c6ff38df52297020f5dfaa5ee
WTT,WTT,0x84119cb33e8f590d75c2d6ea4e6b0741a7494eda
Chainium,CHX,0x1460a58096d80a50a2f1f956dda497611fa4f165
DCORP,DRP,0x621d78f2ef2fd937bfca696cabaf9a779f59b3ed
Signals Network Token,SGN,0xb2135ab9695a7678dd590b1a996cb0f37bcb0718
XENON,XNN,0xab95e915c123fded5bdfb6325e35ef5515f1ea69
BTRN,BTRN,0x03c780cd554598592b97b7256ddaad759945b125
Flyp.me,FYP,0x8f0921f30555624143d427b340b1156914882c10
Tracto,TRCT,0x30cecb5461a449a90081f5a5f55db4e048397bab
StarterCoin,STAC,0x9a005c9a89bd72a4bd27721e7a09a3c11d2b03c4
ACE,ACE,0x06147110022b768ba8f99a8f385df11a151a9cc8
Pylon,PYLNT,0x7703c35cffdc5cda8d27aa3df2f9ba6964544b6e
Verify,CRED,0x672a1ad4f667fb18a333af13667aa0af1f5b5bdd
Coinlancer,CL,0xe81d72d14b1516e68ac3190a46c93302cc8ed60f
Fabric Token,FT,0x78a73b6cbc5d183ce56e786f6e905cadec63547b
EthBits ETBS Token,ETBS,0x1b9743f556d65e757c4c650b4555baf354cb8bd3
ROC,ROC,0x1bcbc54166f6ba149934870b60506199b6c9db6d
Transcodium,TNS,0xb0280743b44bf7db4b6be482b2ba7b75e5da096c
TrakInvest Token,TRAK,0x12759512d326303b45f1cec8f7b6fd96f387778e
Goldmint MNT Prelaunch Token,MNTP,0x83cee9e086a77e492ee0bb93c2b0437ad6fdeccc
TEAM,TEAM,0x1c79ab32c66acaa1e9e81952b8aaa581b43e54e7
eBitcoin,EBTC,0xeb7c20027172e5d143fb030d50f91cece2d1485d
Network,CDX,0x6fff3806bbac52a20e0d79bc538d527f6a22c96b
EventChain,EVC,0xb62d18dea74045e822352ce4b3ee77319dc5ff2f
ESZCoin,ESZ,0xe8a1df958be379045e2b46a31a98b93a2ecdfded
EmphyCoin,EPY,0x50ee674689d75c0f88e8f83cfe8c4b69e8fd590d
SkinCoin,SKIN,0x2bdc0d42996017fce214b21607a515da41a9e0c5
PHI Token,PHI,0x13c2fab6354d3790d8ece4f0f1a3280b4a25ad96
Speed Mining Service,SMS,0x39013f961c378f02c2b82a6e1d31e9812786fd9d
NEVERDIE,NDC,0xa54ddc7b3cce7fc8b1e3fa0256d0db80d2c10970
Nitro,NOX,0xec46f8207d766012454c408de210bcbc2243e71c
QVT,QVT,0x1183f92a5624d68e85ffb9170f16bf0443b4c242
Datarius Credit,DTRC,0xc20464e0c373486d2b3335576e83a218b1618a5e
CryCash,CRC,0xf41e5fbc2f6aac200dd8619e121ce1f05d150077
Authorship,ATS,0x2daee1aa61d60a252dc80564499a69802853583a
Origami Network,ORI,0xd2fa8f92ea72abb35dbd6deca57173d22db2ba49
Tigereum,TIG,0xeee2d00eb7deb8dd6924187f5aa3496b7d06e62a
BoutsPro,BOUTS,0x139d9397274bb9e2c29a9aa8aa0b5874d30d62e3
EthereumMovieVenture,EMV,0xb802b24e0637c2b87d2e8b7784c055bbe921011a
WILD Token,WILD,0xd3c00772b24d997a812249ca637a921e81357701
Fitrova,FRV,0x48df4e0296f908ceab0428a5182d19b31fc037d6
Centra,CTR,0x96a65609a7b84e8842732deb08f56c3e21ac6f8a
EARTH Token,EARTH,0x900b4449236a7bb26b286601dd14d2bde7a6ac6c
Student Coin,STU,0x0371a82e4a9d0a4312f3ee2ac9c6958512891372
Finally Usable Crypto Karma,FUCK,0x65be44c747988fbf606207698c944df4442efe19
Lancer Token,LNC,0x63e634330a20150dbb61b15648bc73855d6ccf07
Beluga Banking Infrastructure Token,BBI,0x37d40510a2f5bc98aa7a0f7bf4b3453bcfb90ac1
Embers,EMB,0x386467f1f3ddbe832448650418311a479eecfc57
Musiconomi,MCI,0x138a8752093f4f9a79aaedf48d4b9248fab93c9c
Legends,LGD,0x59061b6f26bb4a9ce5828a19d35cfd5a4b80f056
FundYourselfNow,FYN,0x88fcfbc22c6d3dbaa25af478c578978339bde77a
minereum,MNE,0x1a95b271b0535d15fa49932daba31ba612b52946
Etheriya,RIYA,0x0b1724cc9fda0186911ef6a75949e9c0d3f0f2f3
Jesus Coin,JC,0xe2d82dc7da0e6f882e96846451f4fabcc8f90528
RouletteToken,RLT,0xcced5b8288086be8c38e23567e684c3740be4d48
ELTCOIN,ELTCOIN,0x44197a4c44d6a059297caf6be4f7e172bd56caaf
MCAP,MCAP,0x93e682107d1e9defb0b5ee701c71707a4b2e46bc
EQUAL,EQL,0x47dd62d4d075dead71d0e00299fc56a2d747bebb
StarCredits,STRC,0x46492473755e8df960f8034877f61732d718ce96
BITPARK,BITPARK,0xf3d29fb98d2dc5e78c87198deef99377345fd6f1
Suretly,SUR,0xe120c1ecbfdfea7f0a8f0ee30063491e8c26fedf
eBitcoinCash,eBCH,0xafc39788c51f0c1ff7b55317f3e70299e521fff6
GreenMed,GRMD,0xb444208cb0516c150178fcf9a52604bc04a1acea
DRP Utility,DRPU,0xe30e02f049957e2a5907589e06ba646fb2c321ba
Billionaire Token,XBL,0x49aec0752e68d0282db544c677f6ba407ba17ed7
Veros,VRS,0x92e78dae1315067a8819efd6dca432de9dcde2e9
ArbitrageCT,ARCT,0x1245ef80f4d9e02ed9425375e8f649b9221b31d8
BitAir,BTCA,0x02725836ebf3ecdb1cdf1c7b02fcbbfaa2736af8
CCRB,CCRB,0xe4c94d45f7aef7018a5d66f44af780ec6023378e
iEthereum,iETH,0x859a9c0b44cb7066d956a958b0b82e54c9e44b4b
Sugar Exchange,SGR,0xcb5a05bef3257613e984c17dbcf039952b6d883f
Intelligent Trading Technologies,ITT,0x0aef06dcccc531e581f0440059e6ffcc206039ee
Accelerator,ACC,0x13f1b7fdfbe1fc66676d56483e21b1ecb40b58e2
Jetcoin,JET,0x8727c112c712c4a03371ac87a74dd6ab104af768
Nexxus,NXX,0x7627de4b93263a6a7570b8dafa64bae812e5c394
WCOIN,WIN,0x899338b84d25ac505a332adce7402d697d947494
TKRToken,TKR,0xb45a50545beeab73f38f31e5973768c421805e5e
Bitcoin Red,BTCR,0x6aac8cb9861e42bf8259f5abdc6ae3ae89909e11
Crystal Clear Token,CCT,0x336f646f87d9f6bc6ed42dd46e8b3fd9dbd15c22
CarTaxi,CTX,0x662abcad0b7f345ab7ffb1b1fbb9df7894f18e66
E4ROW,E4ROW,0xce5c603c78d047ef43032e96b5b785324f753a4f
Ethereum Gold,ETG,0x28c8d01ff633ea9cd8fc6a451d7457889e698de6
Link Platform,LNK,0xe2e6d4be086c6938b53b22144855eef674281639
LendConnect,LCT,0x05c7065d644096a4e4c3fe24af86e36de021074b
Digital Developers Fund Token,DDF,0xcc4ef9eeaf656ac1a2ab886743e98e97e090ed38
ETHGAS,eGAS,0xb53a96bcbdd9cf78dff20bab6c2be7baec8f00f8
GUESS,GUESS,0xbdcfbf5c4d91abc0bc9709c7286d00063c0e6f22
Fujinto,NTO,0x8a99ed8a1b204903ee46e733f2c1286f6d20b177
300 Token,300,0xaec98a708810414878c3bcdf46aad31ded4a4557
Newbium,NEWB,0x814964b1bceaf24e26296d031eadf134a2ca4105
Network,NTWK,0x2233799ee2683d75dfefacbcd2a26c78d34b470d
DALECOIN,DALC,0x07d9e49ea402194bf48a8276dafb16e4ed633317
Ethereum Dark,ETHD,0xdbfb423e9bbf16294388e07696a5120e4ceba0c5
BRAT,BRAT,0x9e77d5a1251b6f7d456722a6eac6d2d5980bd891
IDICE,ICE,0x5a84969bb663fb64f6d015dcf9f622aedc796750
Ccore,CCO,0x679badc551626e01b23ceecefbc9b877ea18fc46
BitAsean,BAS,0x2a05d22db079bc40c2f77a1d1ff703a56e631cc1
Boleno,BLN,0xca29db4221c111888a7e80b12eac8a266da3ee0d
PoSToken,POS,0xee609fe292128cad03b786dbb9bc2634ccdbe7fc
UselessEthereumToken,UET,0x27f706edde3ad952ef647dd67e24e38cd0803dd6
RemiCoin,RMC,0x7dc4f41294697a7903c4027f6ac528c5d14cd7eb
PolyAi,AI,0x5121e348e897daef1eef23959ab290e5557cf274